{
  "alpha": -0.0020301064948229325,
  "sigma_eta": 0.026658412019709563
}