{
  "phi": [
    0.9089631400957404,
    0.20539048637462867,
    0.07392130440462837,
    0.02641905611517395,
    -0.02722423723875315,
    -0.08106033419253772,
    -0.03700975723071117,
    -0.026433343381069035,
    -0.010598440275434618,
    -0.01598619360132335,
    -0.01740047398180425,
    0.0020448160410583382,
    -0.01585680819170734,
    -0.002510545615480879,
    -0.006363382941871924,
    0.003593753402169441,
    -0.004591704133414489,
    -0.0031164191706474437,
    0.009270333569996781,
    -0.0046798691455267084,
    0.005641555857781841,
    0.002407197312357979,
    -0.006766649410388277,
    -0.007778159238240659,
    0.02311305880906215,
    -0.013156660799662837,
    0.009064595811543704,
    0.006464487837471468,
    -0.0003975513114376663,
    0.010519405884713453,
    -0.009228661325715292,
    0.009251886199114703,
    -0.0070009009054842085,
    0.009883323511260738,
    -0.012141283189197697,
    0.007068121139889373,
    0.0006764400610350964,
    -0.005084692118909014,
    0.002023000100716688,
    -0.0026425528956224714,
    -0.009221837835475248,
    0.004724876053250408,
    -0.0029445041685666386,
    -0.00020141834816390057,
    0.005154907109421394,
    0.0008696768692385136,
    -0.0033669489222555114,
    0.011620687637123959,
    -0.008294039044396581,
    0.0016948213224641405
  ],
  "noise_std": 0.026658282881399868
}