{
  "phi": [
    0.9748237098461516,
    0.08656915884701119,
    0.005713405193298859,
    0.09624979771451278,
    0.0010605954633275004,
    -0.034833057282449724,
    -0.01995994018648687,
    -0.02925733874543384,
    -0.022888501866598625,
    -0.02332856961267147,
    -0.023126144276642183,
    -0.0019401142506334003,
    -0.020505776930487357,
    -0.0040066266873710656,
    -0.008218608743969385,
    0.002139665932721052,
    -0.005542274968622502,
    -0.003907141315829801,
    0.009357505955624226,
    -0.004629143400587595,
    0.006014105518733545,
    0.0024600168485243794,
    -0.006225166541038607,
    -0.0064047447441448364,
    0.023751716792657016,
    -0.015655124369202706,
    0.009750350697900563,
    0.00717015630627074,
    -0.00231872907546064,
    0.006250737198108307
  ],
  "noise_std": 0.03097463090471177
}