{
  "phi": [
    0.9761212256564509,
    0.08540922982656116,
    0.005368269606107107,
    0.09650555266904395,
    0.0008591023963786485,
    -0.03492659621420417,
    -0.01987369070556315,
    -0.02926440064494263,
    -0.022848277984453623,
    -0.023295623963039507,
    -0.023122226333768894,
    -0.0018512190805411268,
    -0.02054592722765087,
    -0.003951855950358292,
    -0.008224224336808921,
    0.0021737377522080916,
    -0.0055548581361786935,
    -0.003915046372541715,
    0.009405460744608055,
    -0.00467653197654574,
    0.006035207509119642,
    0.0024705608285811435,
    -0.006252405445041405,
    -0.006435055221525319,
    0.02385902142212962,
    -0.015779699679053003,
    0.009804757265312653,
    0.007178110877038829,
    -0.002366116258263402,
    0.006259516962955633
  ],
  "noise_std": 0.030974604877885465
}