{
  "phi": [
    0.9993238341792198,
    0.08359886314436857,
    0.0005535060066395091,
    0.08947442539470178,
    -0.01036191154577917,
    -0.04757331211868083,
    -0.03152126512155963,
    -0.03856606636920946,
    -0.030011499024284183,
    -0.01723968771719558
  ],
  "noise_std": 0.03126222072367564
}