{
  "phi": [
    0.9089631400957409,
    0.20539048637462848,
    0.07392130440462978,
    0.0264190561151745,
    -0.027224237238753796,
    -0.08106033419253926,
    -0.037009757230710115,
    -0.026433343381068827,
    -0.010598440275437066,
    -0.01598619360132332,
    -0.01740047398180368,
    0.0020448160410590057,
    -0.015856808191708885,
    -0.0025105456154798675,
    -0.006363382941872727,
    0.003593753402170404,
    -0.004591704133414646,
    -0.0031164191706471566,
    0.009270333569997185,
    -0.004679869145526546,
    0.005641555857781875,
    0.002407197312357993,
    -0.006766649410387954,
    -0.007778159238241092,
    0.023113058809062215,
    -0.013156660799662937,
    0.009064595811543964,
    0.006464487837471444,
    -0.00039755131143819235,
    0.01051940588471333,
    -0.009228661325715246,
    0.009251886199114469,
    -0.007000900905484259,
    0.009883323511260724,
    -0.012141283189197976,
    0.0070681211398894795,
    0.0006764400610351337,
    -0.005084692118909067,
    0.0020230001007167813,
    -0.0026425528956222984,
    -0.009221837835475236,
    0.0047248760532505535,
    -0.0029445041685664097,
    -0.00020141834816373068,
    0.005154907109421436,
    0.0008696768692389231,
    -0.0033669489222560352,
    0.011620687637123931,
    -0.008294039044396762,
    0.0016948213224637805
  ],
  "noise_std": 0.026658282881399868
}