{
  "filename": "Scannable Document 5.png",
  "length": 2265,
  "detrend_slope": -0.006663227329180871,
  "detrend_intercept": 107.31194375500786,
  "normalise_mean": -2.4092574881402073e-15,
  "normalise_std": 6.878784070861839
}