{
  "filename": "Scannable Document 21.png",
  "length": 2977,
  "detrend_slope": -0.012508830139908467,
  "detrend_intercept": 176.3733111736808,
  "normalise_mean": 2.1385498530099087e-15,
  "normalise_std": 15.80629889755331
}