{
  "filename": "Scannable Document 3.png",
  "length": 2621,
  "detrend_slope": 8.524974172817566e-05,
  "detrend_intercept": 101.03433921795046,
  "normalise_mean": -1.0496838889214453e-14,
  "normalise_std": 6.298990327666412
}