{
  "filename": "Scannable Document 15.png",
  "length": 2947,
  "detrend_slope": -0.01675090000637747,
  "detrend_intercept": 162.21478489006734,
  "normalise_mean": 1.975149674701982e-14,
  "normalise_std": 12.615687471618658
}