{
  "filename": "Scannable Document 14.png",
  "length": 2831,
  "detrend_slope": -0.02379656345546425,
  "detrend_intercept": 141.72596310987115,
  "normalise_mean": 1.9275761959157787e-14,
  "normalise_std": 12.046333709550828
}