{
  "filename": "Scannable Document 2.png",
  "length": 2649,
  "detrend_slope": -0.015778161860932786,
  "detrend_intercept": 119.26091463488768,
  "normalise_mean": -1.459174210092467e-14,
  "normalise_std": 9.980742780203022
}