{
  "filename": "Scannable Document.png",
  "length": 2563,
  "detrend_slope": -0.014631649316917272,
  "detrend_intercept": 109.9744845518542,
  "normalise_mean": 9.935954603840027e-15,
  "normalise_std": 13.875628345865167
}