{
  "filename": "Scannable Document 4.png",
  "length": 2638,
  "detrend_slope": -0.006615053244045279,
  "detrend_intercept": 115.56061488568771,
  "normalise_mean": 9.998235917897999e-15,
  "normalise_std": 6.187945016847697
}