{
  "filename": "Scannable Document 23.png",
  "length": 2870,
  "detrend_slope": -0.004823051800479936,
  "detrend_intercept": 224.49655821055245,
  "normalise_mean": -4.436559520843552e-15,
  "normalise_std": 10.149372979465255
}