{
  "filename": "Scannable Document 24.png",
  "length": 3018,
  "detrend_slope": -0.028165999618203336,
  "detrend_intercept": 204.74478633788829,
  "normalise_mean": -6.027135200615827e-16,
  "normalise_std": 16.438520293243943
}