{
  "filename": "Scannable Document 18.png",
  "length": 3106,
  "detrend_slope": -0.02544117135154682,
  "detrend_intercept": 168.6215319193456,
  "normalise_mean": 2.049730493371055e-14,
  "normalise_std": 10.395352520954942
}