{
  "filename": "Scannable Document 12.png",
  "length": 2917,
  "detrend_slope": -0.030235577303019207,
  "detrend_intercept": 135.97166490564413,
  "normalise_mean": -7.794778040563321e-15,
  "normalise_std": 8.864453636586166
}