{
  "filename": "Scannable Document 19.png",
  "length": 3050,
  "detrend_slope": -0.006964969133047544,
  "detrend_intercept": 204.18276729932003,
  "normalise_mean": -3.131047333972376e-15,
  "normalise_std": 12.331923396498654
}