{
  "filename": "Scannable Document 16.png",
  "length": 2967,
  "detrend_slope": -0.046698801694099054,
  "detrend_intercept": 185.4981837825971,
  "normalise_mean": -1.2568009023488391e-14,
  "normalise_std": 9.149483735000812
}