{
  "filename": "Scannable Document 9.png",
  "length": 2839,
  "detrend_slope": -0.010559636366264233,
  "detrend_intercept": 74.62204740529582,
  "normalise_mean": -1.6017870760354494e-15,
  "normalise_std": 13.555372795240123
}