{
  "filename": "Scannable Document 25.png",
  "length": 3017,
  "detrend_slope": -0.031163539362237147,
  "detrend_intercept": 270.0148882270981,
  "normalise_mean": -1.4469919020583545e-14,
  "normalise_std": 14.201297545017885
}