{
  "filename": "Scannable Document 20.png",
  "length": 3004,
  "detrend_slope": -0.0108972182372185,
  "detrend_intercept": 164.72642437964737,
  "normalise_mean": 6.206604988796614e-15,
  "normalise_std": 14.188738271406745
}