{
  "filename": "Scannable Document 22.png",
  "length": 2925,
  "detrend_slope": -0.02562231663241093,
  "detrend_intercept": 177.65750787017302,
  "normalise_mean": -2.176568517063418e-15,
  "normalise_std": 15.745211945678903
}