{
  "filename": "Scannable Document 17.png",
  "length": 3052,
  "detrend_slope": -0.010685732515601861,
  "detrend_intercept": 125.94412662576346,
  "normalise_mean": -3.873994470199236e-15,
  "normalise_std": 14.812874147130374
}