{
  "filename": "Scannable Document 13.png",
  "length": 2898,
  "detrend_slope": -0.023918095202292683,
  "detrend_intercept": 127.27353388488442,
  "normalise_mean": -5.649035414738684e-15,
  "normalise_std": 12.07567483509814
}