{
  "filename": "Scannable Document 7.png",
  "length": 2922,
  "detrend_slope": -0.01664731983420009,
  "detrend_intercept": 134.05304617154212,
  "normalise_mean": 3.112575981426859e-15,
  "normalise_std": 9.251696442998046
}