{
  "filename": "Scannable Document 10.png",
  "length": 3031,
  "detrend_slope": 0.0008529900431619472,
  "detrend_intercept": 181.51249191572316,
  "normalise_mean": -2.250481776079499e-14,
  "normalise_std": 12.020662503583022
}