{
  "filename": "Scannable Document 8.png",
  "length": 2972,
  "detrend_slope": -0.022599661235646246,
  "detrend_intercept": 128.6937182586515,
  "normalise_mean": -6.120421950019706e-16,
  "normalise_std": 9.587964626572747
}