{
  "filename": "Scannable Document 6.png",
  "length": 2936,
  "detrend_slope": -0.004051474430488703,
  "detrend_intercept": 141.10263010655746,
  "normalise_mean": 7.124788195087653e-15,
  "normalise_std": 12.304378583124151
}