{
  "filename": "Scannable Document 11.png",
  "length": 2937,
  "detrend_slope": -0.0028570015654813276,
  "detrend_intercept": 128.66090282546054,
  "normalise_mean": -9.29003781177659e-15,
  "normalise_std": 13.91478461129923
}